{
    "theta0": 3771.824637094261,
    "theta1": 1313.5861284182859
}