{
    "theta0": 2.3703261575746996e-16,
    "theta1": -0.8561024601837492
}